Date,VLID3.SA,EGIE3.SA,ALZR11.SA,^NQDXBR
2018-01-04,19.489999771118164,28.016000747680664,100.9000015258789,1199.9100341796875
2018-01-05,19.450000762939453,28.15999984741211,98.80999755859375,1197.1199951171875
2018-01-08,19.399999618530273,28.31999969482422,100.1500015258789,1200.0
2018-01-09,19.149999618530273,28.31999969482422,99.6500015258789,1182.9100341796875
2018-01-10,18.850000381469727,28.215999603271484,99.0999984741211,1178.4300537109375
2018-01-11,18.920000076293945,27.93600082397461,99.01000213623047,1199.77001953125
2018-01-12,18.489999771118164,28.079999923706055,99.4000015258789,1205.8299560546875
2018-01-15,18.799999237060547,28.23200035095215,99.98999786376953,
2018-01-16,18.780000686645508,28.360000610351562,101.0,1204.489990234375
2018-01-17,18.790000915527344,28.784000396728516,100.0,1218.6099853515625
2018-01-18,18.350000381469727,28.8799991607666,99.0,1215.7099609375
2018-01-19,18.350000381469727,29.399999618530273,100.0999984741211,1222.7900390625
2018-01-22,18.510000228881836,29.360000610351562,100.0,1227.2900390625
2018-01-23,18.06999969482422,28.663999557495117,99.98999786376953,1197.489990234375
2018-01-24,18.489999771118164,29.360000610351562,99.86000061035156,1255.4300537109375
2018-01-25,18.489999771118164,29.360000610351562,99.86000061035156,1272.3199462890625
2018-01-26,19.75,29.447999954223633,100.5,1289.800048828125
2018-01-29,20.030000686645508,29.304000854492188,100.88999938964844,1281.199951171875
2018-01-30,20.149999618530273,29.15999984741211,100.69999694824219,1271.52001953125
2018-01-31,20.399999618530273,28.75200080871582,100.9000015258789,1284.3499755859375
2018-02-01,20.59000015258789,28.871999740600586,100.9000015258789,1296.22998046875
2018-02-02,19.93000030517578,28.799999237060547,100.88999938964844,1257.31005859375
2018-02-05,20.200000762939453,28.399999618530273,100.87999725341797,1221.3599853515625
2018-02-06,19.700000762939453,28.760000228881836,101.0,1238.25
2018-02-07,19.899999618530273,28.615999221801758,101.5,1232.3699951171875
2018-02-08,19.799999237060547,28.143999099731445,101.69000244140625,1203.77001953125
2018-02-09,19.600000381469727,27.959999084472656,104.81999969482422,1182.97998046875
2018-02-15,19.399999618530273,28.760000228881836,103.75,1253.52001953125
2018-02-16,19.399999618530273,29.392000198364258,103.5199966430664,1262.280029296875
2018-02-19,19.809999465942383,29.45599937438965,103.0,
2018-02-20,19.6200008392334,30.215999603271484,102.23999786376953,1272.1400146484375
2018-02-21,19.729999542236328,30.440000534057617,103.0,1268.3199462890625
2018-02-22,19.93000030517578,30.559999465942383,102.9000015258789,1275.7900390625
2018-02-23,19.959999084472656,31.200000762939453,101.98999786376953,1294.0400390625
2018-02-26,20.100000381469727,31.68000030517578,102.4000015258789,1304.010009765625
2018-02-27,19.760000228881836,31.600000381469727,101.62000274658203,1290.1800537109375
2018-02-28,19.809999465942383,31.31999969482422,101.91000366210938,1273.239990234375
2018-03-01,19.540000915527344,31.447999954223633,101.6500015258789,1270.75
2018-03-02,20.149999618530273,31.31999969482422,102.19999694824219,1266.5999755859375
2018-03-05,20.600000381469727,31.399999618530273,101.47000122070312,1268.6700439453125
2018-03-06,19.700000762939453,30.92799949645996,101.98999786376953,1272.6500244140625
2018-03-07,18.8700008392334,31.24799919128418,101.88999938964844,1265.5
2018-03-08,19.209999084472656,31.288000106811523,101.12000274658203,1251.6600341796875
2018-03-09,19.399999618530273,31.31999969482422,101.3499984741211,1278.8599853515625
2018-03-12,19.600000381469727,31.496000289916992,104.5,1283.8800048828125
2018-03-13,19.280000686645508,30.799999237060547,101.91000366210938,1286.4100341796875
2018-03-14,19.200000762939453,30.639999389648438,103.0,1275.4300537109375
2018-03-15,18.75,30.392000198364258,102.5,1261.18994140625
2018-03-16,18.84000015258789,30.711999893188477,102.80000305175781,1259.43994140625
2018-03-19,18.799999237060547,30.8799991607666,102.9000015258789,1248.0
2018-03-20,18.459999084472656,31.040000915527344,102.1500015258789,1246.72998046875
2018-03-21,18.25,31.288000106811523,101.91999816894531,1259.22998046875
2018-03-22,18.399999618530273,30.93600082397461,102.5,1253.719970703125
2018-03-23,18.0,30.75200080871582,102.16000366210938,1240.449951171875
2018-03-26,17.670000076293945,30.799999237060547,102.98999786376953,1257.06005859375
2018-03-27,17.34000015258789,30.86400032043457,102.5,1230.02001953125
2018-03-28,17.1299991607666,30.920000076293945,102.77999877929688,1221.1600341796875
2018-03-29,18.200000762939453,31.327999114990234,103.7699966430664,1247.699951171875
2018-04-02,17.989999771118164,30.79199981689453,103.5,1238.5899658203125
2018-04-03,17.75,30.368000030517578,104.0,1236.050048828125
2018-04-04,18.100000381469727,30.535999298095703,102.9000015258789,1217.52001953125
2018-04-05,18.200000762939453,30.90399932861328,101.91999816894531,1236.3800048828125
2018-04-06,18.350000381469727,30.56800079345703,102.41000366210938,1215.8299560546875
2018-04-09,17.639999389648438,30.239999771118164,102.02999877929688,1193.75
2018-04-10,17.299999237060547,30.799999237060547,102.26000213623047,1193.780029296875
2018-04-11,17.5,30.399999618530273,102.91999816894531,1207.989990234375
2018-04-12,17.5,30.600000381469727,102.30000305175781,1224.22998046875
2018-04-13,17.459999084472656,30.68000030517578,102.66999816894531,1201.1199951171875
2018-04-16,17.1200008392334,29.992000579833984,102.9000015258789,1180.3900146484375
2018-04-17,17.700000762939453,30.360000610351562,102.5,1207.8399658203125
2018-04-18,17.65999984741211,30.527999877929688,102.5,1230.0400390625
2018-04-19,17.729999542236328,30.143999099731445,102.29000091552734,1227.239990234375
2018-04-20,18.25,30.06399917602539,101.30000305175781,1224.6800537109375
2018-04-23,18.229999542236328,29.84000015258789,101.11000061035156,1214.719970703125
2018-04-24,18.5,29.200000762939453,101.08000183105469,1199.27001953125
2018-04-25,18.3700008392334,29.280000686645508,101.44000244140625,1187.030029296875
2018-04-26,18.440000534057617,30.15999984741211,100.33000183105469,1202.1600341796875
2018-04-27,18.299999237060547,30.11199951171875,100.86000061035156,1209.18994140625
2018-04-30,18.299999237060547,29.591999053955078,101.5,
2018-05-02,17.8700008392334,29.479999542236328,101.69000244140625,1157.800048828125
2018-05-03,17.649999618530273,29.3439998626709,101.62999725341797,1135.1199951171875
2018-05-04,17.25,29.06399917602539,101.02999877929688,1144.469970703125
2018-05-07,17.190000534057617,28.895999908447266,100.52999877929688,1128.47998046875
2018-05-08,17.209999084472656,28.75200080871582,100.88999938964844,1124.8199462890625
2018-05-09,17.700000762939453,28.784000396728516,101.5999984741211,1127.8599853515625
2018-05-10,18.649999618530273,29.743999481201172,100.98999786376953,1153.1400146484375
2018-05-11,18.799999237060547,29.54400062561035,100.54000091552734,1137.18994140625
2018-05-14,19.06999969482422,29.600000381469727,100.79000091552734,1109.1500244140625
2018-05-15,19.100000381469727,29.576000213623047,99.51000213623047,1086.0
2018-05-16,18.739999771118164,30.959999084472656,100.86000061035156,1109.3499755859375
2018-05-17,18.579999923706055,30.304000854492188,98.0999984741211,1075.4300537109375
2018-05-18,18.780000686645508,30.944000244140625,99.36000061035156,1045.8399658203125
2018-05-21,18.850000381469727,30.8799991607666,96.5,1055.1300048828125
2018-05-22,18.90999984741211,30.576000213623047,97.12000274658203,1089.760009765625
2018-05-23,18.719999313354492,30.591999053955078,97.12000274658203,1071.5
2018-05-24,18.6299991607666,30.152000427246094,95.98999786376953,1070.4100341796875
2018-05-25,19.0,30.08799934387207,95.75,1054.52001953125
2018-05-28,18.1299991607666,29.583999633789062,93.19999694824219,
2018-05-29,17.540000915527344,29.040000915527344,94.5,994.9099731445312
2018-05-30,18.18000030517578,29.591999053955078,94.5199966430664,1003.9500122070312
2018-06-01,18.18000030517578,30.079999923706055,94.5199966430664,1020.9099731445312
2018-06-04,18.450000762939453,29.823999404907227,98.41000366210938,1042.1099853515625
2018-06-05,17.950000762939453,28.959999084472656,99.94999694824219,1003.1199951171875
2018-06-06,17.600000381469727,28.440000534057617,98.5,979.0599975585938
2018-06-07,16.700000762939453,28.040000915527344,94.55000305175781,931.8099975585938
2018-06-08,17.389999389648438,27.79199981689453,95.97000122070312,955.1400146484375
2018-06-11,16.6200008392334,27.56800079345703,94.5199966430664,974.5900268554688
2018-06-12,16.540000915527344,27.360000610351562,93.54000091552734,973.739990234375
2018-06-13,16.399999618530273,27.215999603271484,93.79000091552734,974.3900146484375
2018-06-14,16.0,26.84000015258789,94.0,971.3300170898438
2018-06-15,16.399999618530273,27.368000030517578,93.8499984741211,937.77001953125
2018-06-18,17.34000015258789,26.895999908447266,93.5999984741211,936.280029296875
2018-06-19,16.989999771118164,26.84000015258789,92.0,955.5499877929688
2018-06-20,16.81999969482422,26.799999237060547,93.9000015258789,964.97998046875
2018-06-21,16.719999313354492,26.736000061035156,95.97000122070312,932.469970703125
2018-06-22,17.219999313354492,27.02400016784668,92.8499984741211,943.8499755859375
2018-06-25,17.200000762939453,27.200000762939453,93.25,944.8499755859375
2018-06-26,16.899999618530273,27.45599937438965,92.62000274658203,950.3800048828125
2018-06-27,17.049999237060547,27.45599937438965,94.9800033569336,921.5399780273438
2018-06-28,16.940000534057617,27.54400062561035,94.5,930.510009765625
2018-06-29,16.610000610351562,27.384000778198242,92.5,941.6599731445312
2018-07-02,17.0,27.408000946044922,93.19999694824219,922.0700073242188
2018-07-03,16.760000228881836,27.600000381469727,92.0,939.6099853515625
2018-07-04,16.959999084472656,27.8799991607666,93.4000015258789,
2018-07-05,16.760000228881836,27.648000717163086,95.0,933.1199951171875
2018-07-06,18.059999465942383,27.416000366210938,95.0,933.8900146484375
2018-07-10,17.959999084472656,27.520000457763672,94.91000366210938,953.280029296875
2018-07-11,18.200000762939453,27.86400032043457,93.19999694824219,940.0900268554688
2018-07-12,17.700000762939453,28.288000106811523,94.0,954.469970703125
2018-07-13,17.479999542236328,29.02400016784668,93.5,959.4099731445312
2018-07-16,17.420000076293945,28.968000411987305,94.0,965.22998046875
2018-07-17,18.0,28.399999618530273,94.5,984.8900146484375
2018-07-18,18.0,28.336000442504883,92.51000213623047,980.010009765625
2018-07-19,17.760000228881836,28.440000534057617,92.0999984741211,973.1400146484375
2018-07-20,17.829999923706055,28.743999481201172,92.6500015258789,1013.5399780273438
2018-07-23,18.0,28.54400062561035,92.9800033569336,1000.7899780273438
2018-07-24,18.530000686645508,28.88800048828125,93.5,1030.8800048828125
2018-07-25,18.639999389648438,29.368000030517578,93.5,1049.5899658203125
2018-07-26,18.6200008392334,29.239999771118164,92.80000305175781,1030.6700439453125
2018-07-27,18.600000381469727,29.447999954223633,93.98999786376953,1036.0
2018-07-30,18.559999465942383,29.695999145507812,94.0,1033.1099853515625
2018-07-31,18.149999618530273,29.91200065612793,94.0,1017.0999755859375
2018-08-01,18.0,29.856000900268555,92.30000305175781,1023.8400268554688
2018-08-02,17.989999771118164,29.856000900268555,92.30000305175781,1025.6199951171875
2018-08-03,17.969999313354492,30.1200008392334,92.29000091552734,1058.4200439453125
2018-08-06,19.079999923706055,30.167999267578125,94.0,1052.3199462890625
2018-08-07,19.049999237060547,29.360000610351562,93.80000305175781,1050.1199951171875
2018-08-08,19.459999084472656,29.288000106811523,93.5,1026.6300048828125
2018-08-09,19.639999389648438,30.607999801635742,93.69999694824219,1003.4199829101562
2018-08-10,19.020000457763672,29.832000732421875,91.80000305175781,960.3699951171875
2018-08-13,19.700000762939453,29.84000015258789,92.4000015258789,962.2100219726562
2018-08-14,19.489999771118164,29.983999252319336,92.73999786376953,985.4500122070312
2018-08-15,19.079999923706055,29.719999313354492,93.9800033569336,954.4099731445312
2018-08-16,18.559999465942383,29.719999313354492,93.88999938964844,968.2999877929688
2018-08-17,18.34000015258789,29.639999389648438,93.86000061035156,948.030029296875
2018-08-20,18.100000381469727,29.8799991607666,91.94999694824219,952.3599853515625
2018-08-21,17.420000076293945,28.288000106811523,92.69000244140625,924.1199951171875
2018-08-22,18.170000076293945,28.823999404907227,93.0,920.1799926757812
2018-08-23,17.170000076293945,28.440000534057617,92.9800033569336,905.9199829101562
2018-08-24,16.989999771118164,28.799999237060547,93.19999694824219,910.3400268554688
2018-08-27,17.3799991607666,29.27199935913086,92.33999633789062,934.5700073242188
2018-08-28,17.0,29.360000610351562,92.0,911.1699829101562
2018-08-29,16.489999771118164,29.3439998626709,92.94999694824219,917.1799926757812
2018-08-30,15.75,29.079999923706055,92.0999984741211,884.3200073242188
2018-08-31,14.75,29.520000457763672,92.7699966430664,901.8499755859375
2018-09-03,14.239999771118164,29.631999969482422,92.51000213623047,
2018-09-04,13.5,29.1200008392334,92.31999969482422,876.3499755859375
2018-09-05,14.359999656677246,29.07200050354004,93.19999694824219,875.989990234375
2018-09-06,14.079999923706055,29.56800079345703,92.97000122070312,886.4000244140625
2018-09-10,14.600000381469727,29.54400062561035,92.16000366210938,896.4400024414062
2018-09-11,14.850000381469727,29.215999603271484,92.20999908447266,863.3599853515625
2018-09-12,14.65999984741211,29.040000915527344,92.19999694824219,871.239990234375
2018-09-13,13.890000343322754,29.152000427246094,92.22000122070312,855.9099731445312
2018-09-14,13.899999618530273,28.92799949645996,92.5,859.1400146484375
2018-09-17,14.199999809265137,29.104000091552734,92.25,880.9400024414062
2018-09-18,13.800000190734863,29.079999923706055,92.06999969482422,904.5399780273438
2018-09-19,13.40999984741211,28.75200080871582,91.8499984741211,900.760009765625
2018-09-20,12.619999885559082,28.648000717163086,91.52999877929688,906.0800170898438
2018-09-21,13.0,28.799999237060547,92.45999908447266,928.010009765625
2018-09-24,12.630000114440918,28.559999465942383,91.4800033569336,916.239990234375
2018-09-25,12.8100004196167,28.464000701904297,92.5999984741211,912.02001953125
2018-09-26,12.75,28.576000213623047,92.48999786376953,928.8300170898438
2018-09-27,12.600000381469727,28.312000274658203,90.63999938964844,955.3499755859375
2018-09-28,12.579999923706055,28.384000778198242,89.51000213623047,947.489990234375
2018-10-01,12.680000305175781,28.256000518798828,89.80999755859375,926.280029296875
2018-10-02,13.449999809265137,28.81599998474121,89.94999694824219,975.7899780273438
2018-10-03,13.869999885559082,29.143999099731445,90.37000274658203,1022.1300048828125
2018-10-04,14.229999542236328,29.239999771118164,90.37999725341797,1001.4500122070312
2018-10-05,14.270000457763672,28.871999740600586,91.5,1006.7899780273438
2018-10-08,13.920000076293945,29.239999771118164,90.0,1076.47998046875
2018-10-09,13.930000305175781,29.384000778198242,91.1500015258789,1078.010009765625
2018-10-10,13.869999885559082,28.895999908447266,91.16999816894531,1047.75
2018-10-11,14.109999656677246,28.351999282836914,92.0999984741211,1043.0999755859375
2018-10-15,13.859999656677246,28.743999481201172,91.05000305175781,1049.4200439453125
2018-10-16,13.989999771118164,29.416000366210938,91.0999984741211,1080.1800537109375
2018-10-17,13.979999542236328,29.808000564575195,91.0199966430664,1086.8800048828125
2018-10-18,13.930000305175781,30.1200008392334,91.69000244140625,1073.6199951171875
2018-10-19,13.680000305175781,30.399999618530273,91.69999694824219,1080.6800537109375
2018-10-22,14.180000305175781,30.479999542236328,90.95999908447266,1107.1800537109375
2018-10-23,14.529999732971191,30.56800079345703,90.61000061035156,1096.72998046875
2018-10-24,15.050000190734863,30.15999984741211,90.80000305175781,1067.47998046875
2018-10-25,15.329999923706055,30.200000762939453,90.98999786376953,1088.2900390625
2018-10-26,15.210000038146973,30.84000015258789,90.75,1103.9200439453125
2018-10-29,15.260000228881836,30.799999237060547,90.25,1089.1099853515625
2018-10-30,15.020000457763672,31.624000549316406,90.20999908447266,1104.3900146484375
2018-10-31,15.239999771118164,31.84000015258789,91.73999786376953,1118.5999755859375
2018-11-01,15.899999618530273,32.12799835205078,91.5,1136.9000244140625
2018-11-05,16.0,32.832000732421875,91.1500015258789,1158.8499755859375
2018-11-06,16.0,32.79999923706055,90.9000015258789,1128.1099853515625
2018-11-07,16.049999237060547,32.95199966430664,90.9000015258789,1114.530029296875
2018-11-08,16.0,32.104000091552734,90.87999725341797,1097.6099853515625
2018-11-09,15.819999694824219,32.768001556396484,90.88999938964844,1097.949951171875
2018-11-12,15.25,33.119998931884766,90.88999938964844,1094.9000244140625
2018-11-13,15.630000114440918,32.0880012512207,90.69999694824219,1080.2900390625
2018-11-14,16.059999465942383,32.74399948120117,91.19000244140625,1095.6600341796875
2018-11-16,16.25,33.40800094604492,90.5999984741211,1136.5
2018-11-19,15.5,33.52000045776367,91.05999755859375,1126.260009765625
2018-11-21,16.389999389648438,32.74399948120117,91.27999877929688,1109.4200439453125
2018-11-22,16.690000534057617,32.91999816894531,91.95999908447266,
2018-11-23,16.729999542236328,32.86399841308594,92.0,1095.25
2018-11-26,16.520000457763672,33.279998779296875,91.7300033569336,1071.6500244140625
2018-11-27,16.360000610351562,34.84000015258789,92.0999984741211,1088.3199462890625
2018-11-28,17.100000381469727,35.20000076293945,92.4000015258789,1109.0400390625
2018-11-29,17.479999542236328,35.08000183105469,92.62000274658203,1124.0799560546875
2018-11-30,17.06999969482422,34.40800094604492,94.9000015258789,1110.800048828125
2018-12-03,18.09000015258789,34.63999938964844,93.80000305175781,1134.0699462890625
2018-12-04,18.110000610351562,34.79999923706055,92.76000213623047,1119.93994140625
2018-12-05,18.1200008392334,35.25600051879883,93.3499984741211,
2018-12-06,18.290000915527344,35.41600036621094,92.98999786376953,1099.6300048828125
2018-12-07,18.209999084472656,35.624000549316406,93.25,1100.72998046875
2018-12-10,18.209999084472656,35.2400016784668,93.5,1062.8199462890625
2018-12-11,18.239999771118164,34.97600173950195,93.80000305175781,1076.199951171875
2018-12-12,18.1299991607666,34.31999969482422,93.94999694824219,1104.5799560546875
2018-12-13,18.1200008392334,34.25,93.72000122070312,1099.1600341796875
2018-12-14,18.43000030517578,34.369998931884766,94.0,1093.8399658203125
2018-12-17,18.350000381469727,33.900001525878906,93.4000015258789,1079.5
2018-12-18,17.989999771118164,33.720001220703125,92.54000091552734,1086.219970703125
2018-12-19,18.110000610351562,32.970001220703125,92.41000366210938,1086.72998046875
2018-12-20,18.149999618530273,33.5,93.19999694824219,1091.81005859375
2018-12-21,18.260000228881836,32.95000076293945,93.5,1088.0400390625
2018-12-26,17.979999542236328,33.02000045776367,95.4800033569336,1063.4000244140625
2018-12-27,17.149999618530273,32.880001068115234,98.45999908447266,1069.25
2018-12-28,18.0,33.02000045776367,99.0,1108.02001953125
2019-01-02,18.510000228881836,34.13999938964844,97.80000305175781,1150.7900390625
2019-01-03,17.739999771118164,35.2599983215332,97.98999786376953,1171.469970703125
2019-01-04,17.360000610351562,35.52000045776367,98.0,1185.27001953125
2019-01-07,17.170000076293945,35.29999923706055,98.69999694824219,1179.1199951171875
2019-01-08,18.020000457763672,35.70000076293945,98.5999984741211,1183.699951171875
2019-01-09,18.239999771118164,36.650001525878906,98.19999694824219,1213.449951171875
2019-01-10,18.0,36.220001220703125,98.69000244140625,1220.5699462890625
2019-01-11,18.06999969482422,36.81999969482422,98.5,1217.3800048828125
2019-01-14,18.209999084472656,37.310001373291016,98.9000015258789,1227.5699462890625
2019-01-15,19.149999618530273,37.15999984741211,98.88999938964844,1218.699951171875
2019-01-16,19.40999984741211,37.0,98.5,1214.4200439453125
2019-01-17,19.25,37.560001373291016,98.9800033569336,1215.52001953125
2019-01-18,19.200000762939453,38.4900016784668,99.1500015258789,1225.5899658203125
2019-01-21,19.399999618530273,38.66999816894531,98.69999694824219,
2019-01-22,19.68000030517578,38.939998626708984,97.91999816894531,1202.1099853515625
2019-01-23,20.149999618530273,41.04999923706055,97.9000015258789,1215.8599853515625
2019-01-24,20.530000686645508,42.0,98.1500015258789,1250.1099853515625
2019-01-28,20.850000381469727,43.599998474121094,98.9000015258789,1242.3499755859375
2019-01-29,20.889999389648438,42.599998474121094,97.7300033569336,1263.5400390625
2019-01-30,20.940000534057617,42.459999084472656,98.0,1284.6400146484375
2019-01-31,20.889999389648438,41.849998474121094,98.0,1310.27001953125
2019-02-01,20.850000381469727,42.65999984741211,98.5,1311.530029296875
2019-02-04,20.700000762939453,43.83000183105469,98.0,1314.18994140625
2019-02-05,20.520000457763672,43.79999923706055,98.41999816894531,1305.2099609375
2019-02-06,19.959999084472656,41.79999923706055,98.13999938964844,1252.219970703125
2019-02-07,19.31999969482422,42.400001525878906,98.29000091552734,1239.52001953125
2019-02-08,19.549999237060547,43.40999984741211,98.33000183105469,1252.81005859375
2019-02-11,19.329999923706055,43.369998931884766,97.94999694824219,1237.9599609375
2019-02-12,19.670000076293945,43.720001220703125,98.08000183105469,1265.239990234375
2019-02-13,20.010000228881836,43.02000045776367,98.44999694824219,1257.260009765625
2019-02-14,20.260000228881836,43.59000015258789,98.44000244140625,1275.030029296875
2019-02-15,21.0,43.18000030517578,98.0,1282.6600341796875
2019-02-18,20.989999771118164,42.63999938964844,98.0,
2019-02-19,21.049999237060547,44.5,97.94999694824219,1286.780029296875
2019-02-20,20.350000381469727,42.0,98.98999786376953,1268.989990234375
2019-02-21,19.84000015258789,41.959999084472656,98.02999877929688,1258.760009765625
2019-02-22,19.75,41.849998474121094,98.0,1287.3599853515625
2019-02-25,19.799999237060547,42.11000061035156,98.0,1285.5999755859375
2019-02-26,19.709999084472656,41.47999954223633,97.94999694824219,1277.3699951171875
2019-02-27,19.739999771118164,42.099998474121094,97.30999755859375,1281.2099609375
2019-02-28,19.690000534057617,41.15999984741211,98.0999984741211,1256.800048828125
2019-03-01,19.15999984741211,40.36000061035156,97.5,1240.9300537109375
2019-03-07,18.850000381469727,39.4900016784668,97.76000213623047,1192.1199951171875
2019-03-08,19.639999389648438,40.16999816894531,98.61000061035156,1218.0799560546875
2019-03-11,19.670000076293945,40.220001220703125,98.77999877929688,1248.81005859375
2019-03-12,19.729999542236328,41.13999938964844,98.68000030517578,1259.280029296875
2019-03-13,19.40999984741211,42.40999984741211,98.58999633789062,1267.260009765625
2019-03-14,19.729999542236328,42.91999816894531,98.58999633789062,1262.72998046875
2019-03-15,19.790000915527344,43.20000076293945,98.66999816894531,1274.6400146484375
2019-03-18,19.729999542236328,43.290000915527344,98.88999938964844,1290.0999755859375
2019-03-19,19.75,43.20000076293945,98.5,1301.8599853515625
2019-03-20,19.6200008392334,42.5099983215332,98.4800033569336,1280.530029296875
2019-03-21,19.75,41.75,97.97000122070312,1249.469970703125
2019-03-22,18.700000762939453,40.900001525878906,97.80000305175781,1186.050048828125
2019-03-25,18.600000381469727,41.439998626708984,97.5199966430664,1198.760009765625
2019-03-26,18.93000030517578,42.09000015258789,97.79000091552734,1213.550048828125
2019-03-27,18.18000030517578,41.189998626708984,97.25,1138.030029296875
2019-03-28,18.350000381469727,42.65999984741211,97.5,1164.2900390625
2019-03-29,19.280000686645508,42.709999084472656,97.5,1200.3599853515625
2019-04-01,19.219999313354492,43.33000183105469,97.54000091552734,1217.469970703125
2019-04-02,19.290000915527344,42.5,97.37000274658203,1203.27001953125
2019-04-03,18.530000686645508,43.34000015258789,97.5,1209.800048828125
2019-04-04,18.600000381469727,43.84000015258789,97.05000305175781,1219.4300537109375
2019-04-05,18.530000686645508,44.0099983215332,97.3499984741211,1229.4300537109375
2019-04-08,18.860000610351562,44.29999923706055,96.72000122070312,1225.1400146484375
2019-04-09,18.899999618530273,42.880001068115234,96.6500015258789,1209.300048828125
2019-04-10,18.579999923706055,42.7599983215332,96.75,1220.6500244140625
2019-04-11,18.0,42.0,97.0,1206.760009765625
2019-04-12,17.760000228881836,42.0099983215332,96.5999984741211,1182.6700439453125
2019-04-15,17.850000381469727,42.31999969482422,95.98999786376953,1178.780029296875
2019-04-16,17.770000457763672,42.83000183105469,96.0,1182.4000244140625
2019-04-17,17.700000762939453,42.310001373291016,96.0,1155.3800048828125
2019-04-18,17.31999969482422,42.369998931884766,95.98999786376953,1164.52001953125
2019-04-22,17.25,42.849998474121094,96.12000274658203,1170.8299560546875
2019-04-23,17.25,43.400001525878906,96.0999984741211,1176.5699462890625
2019-04-24,17.850000381469727,43.189998626708984,96.13999938964844,1159.489990234375
2019-04-25,17.59000015258789,43.849998474121094,96.0999984741211,1180.06005859375
2019-04-26,17.899999618530273,44.279998779296875,96.25,1181.1500244140625
2019-04-29,17.399999618530273,44.619998931884766,96.87999725341797,1188.8599853515625
2019-04-30,17.75,44.4900016784668,96.98999786376953,1188.699951171875
2019-05-02,17.690000534057617,43.400001525878906,97.0,1175.6600341796875
2019-05-03,17.149999618530273,42.56999969482422,97.5999984741211,1191.8900146484375
2019-05-06,16.8700008392334,42.65999984741211,97.41999816894531,1180.969970703125
2019-05-07,16.6200008392334,42.20000076293945,97.5999984741211,1167.8599853515625
2019-05-08,16.68000030517578,42.150001525878906,97.0999984741211,1198.0999755859375
2019-05-09,16.0,42.349998474121094,97.23999786376953,1184.93994140625
2019-05-10,15.59000015258789,42.56999969482422,97.44000244140625,1181.25
2019-05-13,15.229999542236328,42.34000015258789,97.5,1147.0400390625
2019-05-14,14.8100004196167,41.79999923706055,97.5,1151.5899658203125
2019-05-15,14.130000114440918,42.0,97.5,1135.8299560546875
2019-05-16,14.130000114440918,41.560001373291016,97.5,1109.800048828125
2019-05-17,14.020000457763672,40.25,97.5,1090.3499755859375
2019-05-20,13.90999984741211,41.900001525878906,97.44000244140625,1111.449951171875
2019-05-21,14.359999656677246,42.279998779296875,97.3499984741211,1154.469970703125
2019-05-22,14.760000228881836,42.150001525878906,97.48999786376953,1177.47998046875
2019-05-23,14.329999923706055,41.619998931884766,97.5,1163.6600341796875
2019-05-24,14.300000190734863,41.7599983215332,98.4000015258789,1160.5799560546875
2019-05-27,14.75,41.91999816894531,99.5,
2019-05-28,14.8100004196167,42.56999969482422,100.25,1197.739990234375
2019-05-29,14.420000076293945,43.0,103.75,1204.5899658203125
2019-05-30,14.649999618530273,44.209999084472656,102.69000244140625,1226.8800048828125
2019-05-31,14.859999656677246,46.31999969482422,103.30000305175781,1249.3299560546875
2019-06-03,14.850000381469727,47.11000061035156,103.0,1247.489990234375
2019-06-04,15.0,46.5099983215332,103.5,1269.6800537109375
2019-06-05,14.729999542236328,46.63999938964844,108.98999786376953,1252.93994140625
2019-06-06,14.710000038146973,46.08000183105469,109.0,1264.260009765625
2019-06-07,14.479999542236328,46.20000076293945,111.9000015258789,1282.010009765625
2019-06-10,14.34000015258789,45.09000015258789,112.0,1275.3499755859375
2019-06-11,14.34000015258789,44.95000076293945,111.9000015258789,1293.2900390625
2019-06-12,14.449999809265137,44.0,109.98999786376953,1287.8800048828125
2019-06-13,14.75,44.38999938964844,107.0,1291.75
2019-06-14,14.899999618530273,43.61000061035156,107.0,1266.1400146484375
2019-06-17,14.899999618530273,43.060001373291016,107.0,1258.9100341796875
2019-06-18,15.1899995803833,43.68000030517578,106.9000015258789,1288.1600341796875
2019-06-19,15.170000076293945,43.36000061035156,101.69999694824219,1297.4599609375
2019-06-21,15.600000381469727,43.189998626708984,100.79000091552734,1327.4300537109375
2019-06-24,15.489999771118164,42.939998626708984,100.9000015258789,1326.9599609375
2019-06-25,15.449999809265137,42.43000030517578,102.0,1298.93994140625
2019-06-26,15.449999809265137,42.4900016784668,103.11000061035156,1293.739990234375
2019-06-27,15.600000381469727,42.689998626708984,103.0,1298.6099853515625
2019-06-28,15.479999542236328,43.470001220703125,103.26000213623047,1319.780029296875
2019-07-01,15.489999771118164,43.5,104.20999908447266,1323.43994140625
2019-07-02,15.050000190734863,43.709999084472656,104.31999969482422,1308.780029296875
2019-07-03,14.960000038146973,44.060001373291016,104.30000305175781,1333.989990234375
2019-07-04,15.289999961853027,44.34000015258789,104.94000244140625,
2019-07-05,16.100000381469727,44.54999923706055,105.02999877929688,1376.6400146484375
2019-07-08,15.899999618530273,45.16999816894531,105.5,1393.72998046875
2019-07-10,16.799999237060547,46.15999984741211,105.79000091552734,1433.989990234375
2019-07-11,16.760000228881836,46.029998779296875,106.0,1429.5999755859375
2019-07-12,16.43000030517578,46.5,106.95999908447266,1416.010009765625
2019-07-15,16.149999618530273,45.9900016784668,106.9000015258789,1413.550048828125
2019-07-16,16.360000610351562,46.400001525878906,106.19000244140625,1410.1700439453125
2019-07-17,16.469999313354492,46.70000076293945,106.0,1412.0999755859375
2019-07-18,16.280000686645508,46.7400016784668,105.5,1430.239990234375
2019-07-19,16.25,46.900001525878906,103.6500015258789,1420.030029296875
2019-07-22,16.399999618530273,47.04999923706055,104.98999786376953,1423.5699462890625
2019-07-23,15.479999542236328,46.599998474121094,104.44999694824219,1410.43994140625
2019-07-24,15.199999809265137,46.95000076293945,104.38999938964844,1417.3399658203125
2019-07-25,15.170000076293945,46.72999954223633,104.5,1393.5999755859375
2019-07-26,14.8100004196167,47.810001373291016,104.48999786376953,1405.550048828125
2019-07-29,14.789999961853027,48.529998779296875,104.4000015258789,1406.68994140625
2019-07-30,15.029999732971191,48.849998474121094,104.48999786376953,1413.4599609375
2019-07-31,15.210000038146973,48.27000045776367,104.37000274658203,1419.8199462890625
2019-08-01,15.15999984741211,48.099998474121094,104.8499984741211,1420.31005859375
2019-08-02,14.699999809265137,48.33000183105469,104.93000030517578,1401.43994140625
2019-08-05,14.350000381469727,47.400001525878906,105.0999984741211,1347.800048828125
2019-08-06,13.899999618530273,48.5,105.75,1366.3599853515625
2019-08-07,13.210000038146973,47.400001525878906,106.5,1370.43994140625
2019-08-08,13.600000381469727,47.5,106.0999984741211,1405.5
2019-08-09,13.649999618530273,47.86000061035156,105.94999694824219,1411.199951171875
2019-08-12,13.170000076293945,47.20000076293945,105.5999984741211,1379.6099853515625
2019-08-13,13.300000190734863,47.900001525878906,106.0,1393.3199462890625
2019-08-14,12.899999618530273,46.16999816894531,106.0,1332.989990234375
2019-08-15,12.180000305175781,45.349998474121094,105.80000305175781,1314.27001953125
2019-08-16,12.289999961853027,45.150001525878906,106.30000305175781,1335.8599853515625
2019-08-19,11.800000190734863,45.150001525878906,105.76000213623047,1317.489990234375
2019-08-20,11.800000190734863,44.310001373291016,105.5,1316.6199951171875
2019-08-21,12.170000076293945,44.56999969482422,105.69999694824219,1339.22998046875
2019-08-22,12.579999923706055,44.0099983215332,105.5999984741211,1324.47998046875
2019-08-23,12.130000114440918,43.72999954223633,105.0,1293.760009765625
2019-08-26,11.579999923706055,43.029998779296875,104.48999786376953,1251.5999755859375
2019-08-27,11.039999961853027,42.970001220703125,104.93000030517578,1250.0
2019-08-28,11.3100004196167,43.45000076293945,104.5999984741211,1270.199951171875
2019-08-29,11.579999923706055,44.02000045776367,104.98999786376953,1298.06005859375
2019-08-30,11.539999961853027,44.97999954223633,105.05000305175781,1321.050048828125
2019-09-02,12.420000076293945,44.25,105.9000015258789,
2019-09-03,11.920000076293945,43.939998626708984,105.97000122070312,1294.75
2019-09-04,12.5,44.220001220703125,105.80000305175781,1319.530029296875
2019-09-05,12.40999984741211,44.689998626708984,105.5999984741211,1335.1400146484375
2019-09-06,12.65999984741211,44.0,105.98999786376953,1333.239990234375
2019-09-09,12.859999656677246,43.75,105.91999816894531,1305.93994140625
2019-09-10,13.40999984741211,43.61000061035156,106.19999694824219,1298.81005859375
2019-09-11,13.239999771118164,44.369998931884766,105.0,1345.02001953125
2019-09-12,13.15999984741211,44.66999816894531,105.68000030517578,1355.97998046875
2019-09-13,13.300000190734863,44.02000045776367,106.0,1337.050048828125
2019-09-16,13.109999656677246,44.41999816894531,106.0999984741211,1329.5699462890625
2019-09-17,13.600000381469727,43.900001525878906,105.98999786376953,1340.010009765625
2019-09-18,13.649999618530273,43.970001220703125,,1340.3499755859375
2019-09-19,13.140000343322754,45.16999816894531,105.91999816894531,1333.6400146484375
2019-09-20,13.680000305175781,44.88999938964844,105.80000305175781,1320.239990234375
2019-09-23,13.510000228881836,44.65999984741211,105.80000305175781,1315.27001953125
2019-09-24,13.720000267028809,44.709999084472656,105.55000305175781,1311.469970703125
2019-09-25,13.600000381469727,44.0099983215332,106.0,1311.010009765625
2019-09-26,13.260000228881836,43.900001525878906,105.5999984741211,1327.0899658203125
2019-09-27,13.539999961853027,43.95000076293945,105.5,1318.77001953125
2019-09-30,13.819999694824219,44.38999938964844,105.80999755859375,1318.6700439453125
2019-10-01,13.420000076293945,44.439998626708984,105.73999786376953,1307.4000244140625
2019-10-02,12.710000038146973,43.61000061035156,105.47000122070312,1281.2099609375
2019-10-03,12.510000228881836,43.970001220703125,105.80000305175781,1315.3900146484375
2019-10-04,12.789999961853027,44.0099983215332,105.94999694824219,1343.3399658203125
2019-10-07,12.59000015258789,42.93000030517578,105.93000030517578,1309.9000244140625
2019-10-08,12.600000381469727,42.66999816894531,105.80000305175781,1296.93994140625
2019-10-09,12.850000381469727,42.47999954223633,105.98999786376953,1297.3900146484375
2019-10-10,13.300000190734863,42.20000076293945,106.5,1301.1800537109375
2019-10-11,13.609999656677246,43.11000061035156,106.19999694824219,1320.8299560546875
2019-10-14,13.850000381469727,43.81999969482422,106.19999694824219,1319.5799560546875
2019-10-15,13.619999885559082,43.220001220703125,107.52999877929688,1312.3800048828125
2019-10-16,13.520000457763672,43.310001373291016,106.75,1315.1400146484375
2019-10-17,13.520000457763672,43.56999969482422,107.23999786376953,1327.3599853515625
2019-10-18,13.539999961853027,43.7599983215332,107.5,1332.3299560546875
2019-10-21,14.59000015258789,44.13999938964844,106.94999694824219,1336.31005859375
2019-10-22,14.369999885559082,43.95000076293945,107.0,1367.5999755859375
2019-10-23,14.130000114440918,43.7400016784668,107.44000244140625,1365.969970703125
2019-10-24,13.779999732971191,43.810001373291016,107.55000305175781,1374.77001953125
2019-10-25,13.930000305175781,43.529998779296875,108.0999984741211,1367.5899658203125
2019-10-28,13.649999618530273,44.220001220703125,108.61000061035156,1386.2900390625
2019-10-29,13.350000381469727,44.689998626708984,110.0,1379.550048828125
2019-10-30,13.359999656677246,45.310001373291016,111.87000274658203,1388.1400146484375
2019-10-31,13.279999732971191,45.2599983215332,111.77999877929688,1380.0400390625
2019-11-01,14.640000343322754,45.97999954223633,113.29000091552734,1410.3399658203125
2019-11-04,14.199999809265137,46.0099983215332,112.04000091552734,1407.02001953125
2019-11-05,14.09000015258789,45.970001220703125,113.23999786376953,1391.0
2019-11-06,14.640000343322754,46.02000045776367,116.0,1376.3599853515625
2019-11-07,14.59000015258789,46.25,114.4000015258789,1373.969970703125
2019-11-08,14.109999656677246,45.20000076293945,114.0199966430664,1346.280029296875
2019-11-11,14.039999961853027,45.06999969482422,114.0999984741211,1350.02001953125
2019-11-12,14.779999732971191,44.56999969482422,114.0999984741211,1321.5999755859375
2019-11-13,14.84000015258789,44.43000030517578,113.5999984741211,1313.56005859375
2019-11-14,15.600000381469727,44.31999969482422,113.7699966430664,1324.280029296875
2019-11-18,14.260000228881836,44.75,112.4000015258789,1319.6400146484375
2019-11-19,14.4399995803833,44.70000076293945,112.7300033569336,1310.969970703125
2019-11-21,14.720000267028809,44.720001220703125,113.2699966430664,1330.800048828125
2019-11-22,14.850000381469727,45.36000061035156,116.0,1354.68994140625
2019-11-25,14.40999984741211,45.349998474121094,115.69000244140625,1350.1800537109375
2019-11-26,13.369999885559082,44.84000015258789,116.9800033569336,1321.6099853515625
2019-11-27,13.789999961853027,45.459999084472656,117.5,1330.25
2019-11-28,13.510000228881836,46.36000061035156,118.86000061035156,
2019-11-29,13.399999618530273,46.77000045776367,119.38999938964844,1335.949951171875
2019-12-02,13.609999656677246,46.849998474121094,119.9800033569336,1343.469970703125
2019-12-03,13.5,45.97999954223633,118.69999694824219,1353.7099609375
2019-12-04,13.329999923706055,46.93000030517578,121.5,1358.9300537109375
2019-12-05,13.470000267028809,47.63999938964844,121.5,1355.780029296875
2019-12-06,13.539999961853027,47.650001525878906,117.5,1386.4300537109375
2019-12-09,13.59000015258789,47.5,121.66999816894531,1386.5999755859375
2019-12-10,14.1899995803833,47.27000045776367,122.98999786376953,1411.989990234375
2019-12-11,14.119999885559082,47.75,124.33000183105469,1433.0400390625
2019-12-12,14.270000457763672,47.83000183105469,127.33000183105469,1451.3299560546875
2019-12-13,14.770000457763672,47.9900016784668,129.0,1468.9100341796875
2019-12-16,14.770000457763672,47.5099983215332,126.30999755859375,1482.9100341796875
2019-12-17,14.850000381469727,47.29999923706055,125.4000015258789,1480.68994140625
2019-12-18,15.229999542236328,49.68000030517578,125.62999725341797,1498.22998046875
2019-12-19,15.5,48.75,125.5,1506.699951171875
2019-12-20,15.350000381469727,48.52000045776367,123.33999633789062,1504.43994140625
2019-12-23,15.720000267028809,49.849998474121094,127.98999786376953,1526.3699951171875
2019-12-26,16.540000915527344,51.119998931884766,132.05999755859375,1538.75
2019-12-27,16.899999618530273,50.810001373291016,137.27000427246094,1536.5999755859375
2019-12-30,16.979999542236328,50.79999923706055,144.88999938964844,1544.030029296875
2020-01-02,17.040000915527344,52.0,144.64999389648438,1569.02001953125
2020-01-03,16.809999465942383,52.29999923706055,148.99000549316406,1564.3699951171875
2020-01-06,17.549999237060547,51.86000061035156,146.60000610351562,1545.489990234375
2020-01-07,17.229999542236328,51.970001220703125,144.99000549316406,1535.2099609375
2020-01-08,16.81999969482422,51.45000076293945,138.39999389648438,1540.469970703125
2020-01-09,17.34000015258789,51.599998474121094,138.0,1548.1600341796875
2020-01-10,17.170000076293945,52.369998931884766,139.0,1555.2900390625
2020-01-13,17.3700008392334,53.36000061035156,139.75,1556.3499755859375
2020-01-14,18.459999084472656,54.099998474121094,141.6999969482422,1569.27001953125
2020-01-15,19.0,53.45000076293945,140.8800048828125,1550.4200439453125
2020-01-16,19.100000381469727,53.09000015258789,139.0,1555.030029296875
2020-01-17,19.399999618530273,53.43000030517578,137.7899932861328,1573.31005859375
2020-01-20,19.0,53.400001525878906,132.97999572753906,
2020-01-21,19.309999465942383,53.599998474121094,128.6999969482422,1574.699951171875
2020-01-22,19.770000457763672,53.61000061035156,130.6300048828125,1599.550048828125
2020-01-23,19.31999969482422,53.599998474121094,130.88999938964844,1616.719970703125
2020-01-24,19.010000228881836,53.869998931884766,131.99000549316406,1597.43994140625
2020-01-27,18.65999984741211,52.81999969482422,130.1699981689453,1533.739990234375
2020-01-28,19.0,53.4900016784668,129.0,1576.050048828125
2020-01-29,18.889999389648438,53.02000045776367,128.91000366210938,1564.1099853515625
2020-01-30,18.239999771118164,52.5,127.5,1534.43994140625
2020-01-31,17.56999969482422,52.04999923706055,127.5,1509.8900146484375
2020-02-03,18.010000228881836,52.599998474121094,125.9000015258789,1543.3699951171875
2020-02-04,17.75,52.849998474121094,127.69999694824219,1555.8499755859375
2020-02-05,18.0,52.79999923706055,128.60000610351562,1553.6600341796875
2020-02-06,17.420000076293945,51.810001373291016,128.88999938964844,1529.5400390625
2020-02-07,17.229999542236328,50.31999969482422,127.0,1481.97998046875
2020-02-10,16.420000076293945,49.93000030517578,126.44000244140625,1453.1099853515625
2020-02-11,17.299999237060547,50.869998931884766,127.0,1498.5699462890625
2020-02-12,17.020000457763672,50.79999923706055,127.9000015258789,1515.81005859375
2020-02-13,17.399999618530273,50.349998474121094,128.10000610351562,1518.6300048828125
2020-02-14,17.15999984741211,50.20000076293945,129.72000122070312,1510.1400146484375
2020-02-17,16.799999237060547,50.599998474121094,128.5,
2020-02-18,16.921842575073242,50.849998474121094,128.5,1504.510009765625
2020-02-19,17.938732147216797,50.88999938964844,126.16000366210938,1517.0699462890625
2020-02-20,17.514205932617188,49.369998931884766,124.80999755859375,1485.6099853515625
2020-02-21,17.622806549072266,50.13999938964844,124.56999969482422,1492.4599609375
2020-02-27,14.720226287841797,46.400001525878906,120.98999786376953,1316.050048828125
2020-02-28,14.49315357208252,47.529998779296875,120.69999694824219,1312.969970703125
2020-03-02,15.06577205657959,48.5,122.9000015258789,1355.3900146484375
2020-03-03,14.828825950622559,48.529998779296875,120.16000366210938,1363.8399658203125
2020-03-04,15.184244155883789,50.79999923706055,121.01000213623047,1373.510009765625
2020-03-05,13.831681251525879,48.79999923706055,119.4000015258789,1269.050048828125
2020-03-06,14.15748119354248,48.0,119.38999938964844,1219.1800537109375
2020-03-09,11.718918800354004,44.77000045776367,112.61000061035156,1052.739990234375
2020-03-10,12.479119300842285,47.0,114.5,1146.6500244140625
2020-03-11,11.491847038269043,45.27000045776367,111.05000305175781,1064.6600341796875
2020-03-12,9.951702117919922,43.84000015258789,101.98999786376953,862.510009765625
2020-03-13,10.060301780700684,48.189998626708984,102.80999755859375,988.530029296875
2020-03-16,9.043412208557129,43.54999923706055,98.80000305175781,811.9299926757812
2020-03-17,8.974303245544434,46.81999969482422,94.75,841.6099853515625
2020-03-18,7.5131402015686035,43.88999938964844,88.0,715.6900024414062
2020-03-19,7.66123104095459,41.68000030517578,84.19999694824219,737.5700073242188
2020-03-20,7.641485214233398,40.150001525878906,85.98999786376953,751.9000244140625
2020-03-23,6.782558917999268,37.97999954223633,83.51000213623047,695.1500244140625
2020-03-24,7.374921798706055,37.77000045776367,84.01000213623047,754.469970703125
2020-03-25,8.431303024291992,38.22999954223633,93.94000244140625,819.3900146484375
2020-03-26,9.27048397064209,41.25,99.0,875.7000122070312
2020-03-27,10.119538307189941,39.09000015258789,101.0,806.030029296875
2020-03-30,9.655521392822266,39.79999923706055,100.51000213623047,805.4500122070312
2020-03-31,9.142139434814453,38.91999816894531,100.8499984741211,771.5499877929688
2020-04-01,8.391812324523926,38.20000076293945,100.9800033569336,735.4400024414062
2020-04-02,8.352320671081543,38.11000061035156,99.0,736.3200073242188
2020-04-03,7.5131402015686035,37.560001373291016,100.0999984741211,705.3099975585938
2020-04-06,7.256449222564697,38.849998474121094,101.69999694824219,758.1199951171875
2020-04-07,8.381939888000488,38.439998626708984,103.9000015258789,785.8699951171875
2020-04-08,8.194357872009277,38.959999084472656,104.9800033569336,821.0399780273438
2020-04-09,8.91506576538086,39.27000045776367,106.4000015258789,838.2999877929688
2020-04-13,8.421429634094238,39.9900016784668,106.19999694824219,823.5499877929688
2020-04-14,9.191502571105957,41.0,109.47000122070312,845.3499755859375
2020-04-15,9.161884307861328,40.34000015258789,111.94999694824219,833.1500244140625
2020-04-16,9.122393608093262,40.5,111.66000366210938,834.0399780273438
2020-04-17,9.428447723388672,40.04999923706055,110.5,830.25
2020-04-20,9.823356628417969,40.630001068115234,110.29000091552734,841.27001953125
2020-04-22,9.724630355834961,41.029998779296875,109.55000305175781,855.1400146484375
2020-04-23,9.428447723388672,40.869998931884766,109.62000274658203,825.5800170898438
2020-04-24,8.312829971313477,38.22999954223633,107.0,743.0800170898438
2020-04-27,8.865702629089355,40.09000015258789,109.0,779.780029296875
2020-04-28,9.161884307861328,40.2599983215332,109.5,820.77001953125
2020-04-29,9.300103187561035,40.0099983215332,109.0,862.969970703125
2020-04-30,8.806467056274414,39.119998931884766,108.2699966430664,838.52001953125
2020-05-04,8.643195152282715,38.88999938964844,106.80000305175781,799.3599853515625
2020-05-05,8.35771369934082,38.93000030517578,107.4000015258789,808.27001953125
2020-05-06,8.456154823303223,38.790000915527344,108.0,791.9400024414062
2020-05-07,7.875348091125488,37.0,108.0,751.280029296875
2020-05-08,8.170674324035645,38.22999954223633,108.80000305175781,778.030029296875
2020-05-11,7.73753023147583,37.720001220703125,108.80000305175781,756.1400146484375
2020-05-12,7.727685928344727,37.099998474121094,107.83000183105469,749.3099975585938
2020-05-13,7.28469705581665,36.720001220703125,107.0,727.3099975585938
2020-05-14,7.304386138916016,38.349998474121094,104.55000305175781,738.4099731445312
2020-05-15,7.186254978179932,38.400001525878906,105.7699966430664,734.5999755859375
2020-05-18,8.042699813842773,39.88999938964844,106.70999908447266,781.989990234375
2020-05-19,7.668621063232422,39.43000030517578,107.5,781.8900146484375
2020-05-20,8.761324882507324,39.04999923706055,108.0,793.530029296875
2020-05-21,8.997586250305176,39.880001068115234,107.69000244140625,829.4600219726562
2020-05-22,8.751481056213379,39.290000915527344,108.98999786376953,823.4500122070312
2020-05-25,8.692416191101074,41.27000045776367,110.0,
2020-05-26,9.036961555480957,41.65999984741211,110.5,906.489990234375
2020-05-27,10.10013484954834,41.63999938964844,110.45999908447266,946.4099731445312
2020-05-28,10.356082916259766,42.27000045776367,110.30000305175781,932.1799926757812
2020-05-29,10.730161666870117,42.40999984741211,112.58999633789062,918.47998046875
2020-06-01,11.094396591186523,41.59000015258789,116.5,942.6300048828125
2020-06-02,11.419256210327148,42.09000015258789,117.30000305175781,992.1500244140625
2020-06-03,12.009906768798828,42.88999938964844,123.62000274658203,1049.3299560546875
2020-06-04,11.222372055053711,42.70000076293945,128.49000549316406,1037.0699462890625
2020-06-05,11.360190391540527,42.68000030517578,129.7899932861328,1071.030029296875
2020-06-08,12.49227237701416,43.7599983215332,132.0,1113.77001953125
2020-06-09,12.20678997039795,43.36000061035156,131.97999572753906,1116.52001953125
2020-06-10,11.625983238220215,43.77000045776367,132.97000122070312,1095.47998046875
2020-06-12,11.330657958984375,42.75,132.0,1043.1500244140625
2020-06-15,11.045175552368164,42.869998931884766,132.0,1015.52001953125
2020-06-16,10.799072265625,42.75,132.99000549316406,1025.9200439453125
2020-06-17,11.133773803710938,44.5099983215332,133.75,1039.9300537109375
2020-06-18,11.143617630004883,43.599998474121094,133.6999969482422,1029.7099609375
2020-06-19,10.91720199584961,43.25,132.99000549316406,1032.0999755859375
2020-06-22,11.261749267578125,43.709999084472656,132.97999572753906,1047.3699951171875
2020-06-23,11.015644073486328,43.2400016784668,133.10000610351562,1065.7900390625
2020-06-24,10.484058380126953,42.380001068115234,132.99000549316406,1032.2099609375
2020-06-25,10.543123245239258,42.779998779296875,133.75,1030.75
2020-06-26,10.159199714660645,41.599998474121094,135.99000549316406,980.5800170898438
2020-06-29,10.641565322875977,42.709999084472656,128.0,1005.0
2020-06-30,10.621875762939453,42.09000015258789,130.0399932861328,998.8900146484375
2020-07-01,10.828603744506836,42.84000015258789,125.48999786376953,1045.469970703125
2020-07-02,10.661252975463867,43.65999984741211,122.80000305175781,1041.7099609375
2020-07-03,11.173151016235352,45.04999923706055,125.0,
2020-07-06,11.379878997802734,44.560001373291016,125.19999694824219,1076.449951171875
2020-07-07,11.114086151123047,43.880001068115234,125.69999694824219,1062.2900390625
2020-07-08,11.182994842529297,43.5099983215332,125.29000091552734,1070.06005859375
2020-07-09,10.956579208374023,43.279998779296875,125.48999786376953,1088.93994140625
2020-07-10,11.074708938598633,42.939998626708984,125.5,1087.3199462890625
2020-07-13,12.147725105285645,44.0,124.80000305175781,1072.1300048828125
2020-07-14,11.74411392211914,43.38999938964844,124.62999725341797,1056.8699951171875
2020-07-15,11.783490180969238,43.209999084472656,124.0,1097.8499755859375
2020-07-16,11.625983238220215,43.189998626708984,124.16999816894531,1086.02001953125
2020-07-17,11.84255599975586,44.0,124.0999984741211,1123.030029296875
2020-07-20,12.108348846435547,44.4900016784668,123.0,1143.8900146484375
2020-07-21,11.91146469116211,43.91999816894531,123.27999877929688,1166.75
2020-07-22,11.84255599975586,44.40999984741211,123.44999694824219,1204.510009765625
2020-07-23,12.196946144104004,43.79999923706055,122.98999786376953,1160.010009765625
2020-07-24,11.163307189941406,44.189998626708984,122.0,1154.1700439453125
2020-07-27,11.251903533935547,44.369998931884766,121.69000244140625,1175.989990234375
2020-07-28,11.123929977416992,43.95000076293945,121.97000122070312,1175.3599853515625
2020-07-29,11.064865112304688,44.5,120.75,1189.06005859375
2020-07-30,11.094396591186523,44.66999816894531,119.79000091552734,1189.9200439453125
2020-07-31,10.838448524475098,46.16999816894531,118.5,1175.02001953125
2020-08-03,10.946735382080078,46.119998931884766,117.5,1144.719970703125
2020-08-04,10.631720542907715,45.880001068115234,118.0999984741211,1125.8699951171875
2020-08-05,10.769538879394531,45.369998931884766,118.5,1143.7099609375
2020-08-06,11.212528228759766,46.47999954223633,121.0,1148.8499755859375
2020-08-07,10.9368896484375,46.2400016784668,124.88999938964844,1118.1099853515625
2020-08-10,10.779382705688477,45.310001373291016,125.80000305175781,1123.300048828125
2020-08-11,10.838448524475098,44.79999923706055,127.5,1109.199951171875
2020-08-12,10.493902206420898,43.779998779296875,127.88999938964844,1090.9599609375
2020-08-13,10.39546012878418,43.11000061035156,127.5,1100.969970703125
2020-08-14,10.257641792297363,43.790000915527344,128.25,1105.1600341796875
2020-08-17,9.82449722290039,42.900001525878906,128.3800048828125,1066.27001953125
2020-08-18,10.562810897827148,43.290000915527344,128.30999755859375,1091.9100341796875
2020-08-19,10.474213600158691,43.029998779296875,128.0,1078.47998046875
2020-08-20,10.877824783325195,42.70000076293945,128.3000030517578,1054.6400146484375
2020-08-21,10.927045822143555,42.70000076293945,128.25999450683594,1071.56005859375
2020-08-24,10.9368896484375,42.7400016784668,129.8000030517578,1079.6199951171875
2020-08-25,10.995956420898438,43.43000030517578,130.0,1084.52001953125
2020-08-26,10.415148735046387,43.11000061035156,130.75999450683594,1078.6300048828125
2020-08-27,10.32655143737793,42.9900016784668,131.6999969482422,1070.0999755859375
2020-08-28,10.16904354095459,43.36000061035156,134.19000244140625,1114.3199462890625
2020-08-31,10.070602416992188,42.630001068115234,134.6999969482422,1084.5799560546875
2020-09-01,9.972160339355469,43.61000061035156,133.00999450683594,1130.1700439453125
2020-09-02,10.208420753479004,43.83000183105469,135.0,1133.530029296875
2020-09-03,9.932783126831055,43.279998779296875,137.89999389648438,1120.3800048828125
2020-09-04,10.562810897827148,43.279998779296875,139.08999633789062,1124.68994140625
2020-09-08,10.405303955078125,44.119998931884766,139.1999969482422,1104.5
2020-09-09,10.109978675842285,45.29999923706055,138.1999969482422,1131.81005859375
2020-09-10,9.814653396606445,44.31999969482422,139.19000244140625,1105.5999755859375
2020-09-11,9.35197639465332,42.9900016784668,138.6999969482422,1089.6300048828125
2020-09-14,9.706366539001465,43.279998779296875,138.77999877929688,1111.989990234375
2020-09-15,9.460262298583984,43.7400016784668,139.89999389648438,1115.5400390625
2020-09-16,9.509483337402344,42.72999954223633,139.0399932861328,1117.3699951171875
2020-09-17,9.1550931930542,42.849998474121094,138.89999389648438,1111.969970703125
2020-09-18,9.007430076599121,42.11000061035156,138.50999450683594,1082.75
2020-09-21,8.761324882507324,42.27000045776367,133.02999877929688,1045.6300048828125
2020-09-22,8.63335132598877,42.22999954223633,131.9499969482422,1052.1400146484375
2020-09-23,8.426623344421387,41.400001525878906,128.16000366210938,1012.5399780273438
2020-09-24,8.63335132598877,41.720001220703125,128.39999389648438,1024.260009765625
2020-09-25,8.465999603271484,41.650001525878906,128.7899932861328,1023.97998046875
2020-09-28,8.465999603271484,40.65999984741211,128.00999450683594,991.8900146484375
2020-09-29,8.170674324035645,40.13999938964844,129.74000549316406,978.25
2020-09-30,8.485688209533691,40.349998474121094,130.5,989.02001953125
2020-10-01,8.63335132598877,40.849998474121094,131.89999389648438,1002.3400268554688
2020-10-02,8.968052864074707,40.08000183105469,133.77000427246094,988.1199951171875
2020-10-05,8.53490924835205,40.5,132.1999969482422,1008.8400268554688
2020-10-06,8.564441680908203,40.33000183105469,132.75,1027.300048828125
2020-10-07,8.495532035827637,40.25,132.69000244140625,1001.260009765625
2020-10-08,8.800702095031738,40.52000045776367,133.33999633789062,1023.3200073242188
2020-10-09,8.53490924835205,39.900001525878906,132.7899932861328,1036.75
2020-10-13,8.515220642089844,40.18000030517578,132.7899932861328,1039.969970703125
2020-10-14,8.485688209533691,40.47999954223633,132.99000549316406,1053.949951171875
2020-10-15,8.65303897857666,40.650001525878906,133.60000610351562,1045.199951171875
2020-10-16,8.761324882507324,40.7400016784668,134.67999267578125,1033.550048828125
2020-10-19,8.98774242401123,40.70000076293945,132.97999572753906,1039.6199951171875
2020-10-20,8.662882804870605,41.33000183105469,129.00999450683594,1058.93994140625
2020-10-21,8.6038179397583,41.529998779296875,129.89999389648438,1051.969970703125
2020-10-22,8.2986478805542,41.369998931884766,129.92999267578125,1064.780029296875
2020-10-23,8.367557525634766,41.380001068115234,126.0,1049.06005859375
2020-10-26,8.377402305603027,41.939998626708984,126.0,1050.1700439453125
2020-10-27,8.35771369934082,41.709999084472656,127.7699966430664,1033.6700439453125
2020-10-28,7.678464889526367,40.5,125.0,976.3800048828125
2020-10-29,7.580022811889648,40.31999969482422,126.5,976.6500244140625
2020-10-30,7.186254978179932,39.88999938964844,125.94000244140625,950.2100219726562
2020-11-03,7.88519287109375,39.869998931884766,124.69999694824219,975.739990234375
2020-11-04,7.698153018951416,41.65999984741211,128.14999389648438,1010.0599975585938
2020-11-05,8.190361976623535,43.29999923706055,128.52999877929688,1065.030029296875
2020-11-06,8.751481056213379,43.279998779296875,125.9000015258789,1097.56005859375
2020-11-09,8.574286460876465,43.900001525878906,127.38999938964844,1116.31005859375
2020-11-10,8.918831825256348,43.34000015258789,128.0,1114.050048828125
2020-11-11,8.623506546020508,43.290000915527344,127.5,1102.6500244140625
2020-11-12,8.515220642089844,43.599998474121094,127.05000305175781,1083.3399658203125
2020-11-13,8.849923133850098,43.33000183105469,127.76000213623047,1088.989990234375
2020-11-16,8.98774242401123,43.61000061035156,128.02999877929688,1115.18994140625
2020-11-17,9.745743751525879,45.7400016784668,128.60000610351562,1131.0
2020-11-18,9.1550931930542,44.70000076293945,128.10000610351562,1137.9200439453125
2020-11-19,8.98774242401123,44.0099983215332,126.0,1134.6800537109375
2020-11-23,9.263379096984863,43.0099983215332,124.5199966430664,1110.3900146484375
2020-11-24,9.12555980682373,42.7400016784668,123.5,1129.8800048828125
2020-11-25,9.184624671936035,42.97999954223633,123.0,1146.530029296875
2020-11-26,9.371665000915527,43.11000061035156,123.08999633789062,
2020-11-27,9.253535270690918,43.029998779296875,124.79000091552734,1159.0899658203125
2020-11-30,9.509483337402344,42.34000015258789,125.1500015258789,1126.43994140625
2020-12-01,9.450418472290039,42.75,125.69999694824219,1170.0799560546875
2020-12-02,9.716211318969727,42.70000076293945,126.6500015258789,1179.6800537109375
2020-12-03,9.637457847595215,42.880001068115234,126.55000305175781,1210.47998046875
2020-12-04,10.32655143737793,42.849998474121094,126.5,1206.719970703125
2020-12-07,9.952471733093262,43.25,125.94999694824219,1231.4200439453125
2020-12-08,10.070602416992188,43.15999984741211,125.80999755859375,1240.1099853515625
2020-12-09,9.785120964050293,43.29999923706055,125.58999633789062,1212.6300048828125
2020-12-10,9.814653396606445,43.31999969482422,125.4800033569336,1241.3699951171875
2020-12-11,9.657146453857422,44.90999984741211,124.58999633789062,1250.8299560546875
2020-12-14,10.05091381072998,44.22999954223633,124.37999725341797,1234.1099853515625
2020-12-15,9.794964790344238,44.25,122.7699966430664,1253.3499755859375
2020-12-16,10.080446243286133,45.45000076293945,123.0999984741211,1258.4200439453125
2020-12-17,9.972160339355469,44.869998931884766,124.4000015258789,1279.9599609375
2020-12-18,9.863874435424805,44.90999984741211,125.98999786376953,1264.6099853515625
2020-12-21,9.844185829162598,43.5,127.1500015258789,1232.22998046875
2020-12-22,9.302755355834961,43.2599983215332,128.08999633789062,1242.7099609375
2020-12-23,9.588236808776855,43.65999984741211,128.0,1237.239990234375
2020-12-28,9.686678886413574,44.84000015258789,128.77000427246094,1234.8499755859375
2020-12-29,9.745743751525879,44.4900016784668,128.6999969482422,1262.5999755859375
2020-12-30,9.24368953704834,43.939998626708984,128.6999969482422,1258.030029296875
2021-01-04,9.1550931930542,43.58000183105469,128.75,
2021-01-05,8.820389747619629,43.189998626708984,128.1300048828125,1206.8399658203125
2021-01-06,8.741637229919434,42.84000015258789,127.6500015258789,1184.8299560546875
2021-01-07,8.58413028717041,42.47999954223633,127.98999786376953,1190.0799560546875
2021-01-08,9.322443962097168,44.2599983215332,127.47000122070312,1237.9300537109375
2021-01-11,9.204314231872559,43.400001525878906,127.05000305175781,1196.5400390625
2021-01-12,9.883562088012695,43.599998474121094,127.08000183105469,1222.780029296875
2021-01-13,9.800000190734863,44.29999923706055,126.19000244140625,1247.5699462890625
2021-01-14,9.579999923706055,45.22999954223633,127.2699966430664,1280.4200439453125
2021-01-15,9.40999984741211,44.59000015258789,127.19999694824219,1239.6400146484375
2021-01-18,9.390000343322754,44.5,127.30000305175781,
2021-01-19,9.350000381469727,44.9900016784668,127.1500015258789,1226.8699951171875
2021-01-20,8.920000076293945,44.02000045776367,127.5999984741211,1226.3499755859375
2021-01-21,8.75,43.61000061035156,127.26000213623047,1194.3499755859375
2021-01-22,8.720000267028809,43.33000183105469,127.1500015258789,
2021-01-26,8.3100004196167,42.72999954223633,126.44999694824219,1174.760009765625
2021-01-27,8.40999984741211,42.90999984741211,126.77999877929688,1147.9100341796875
2021-01-28,8.880000114440918,43.86000061035156,126.75,1176.97998046875
2021-01-29,8.609999656677246,42.959999084472656,126.87999725341797,1137.510009765625
2021-02-01,8.739999771118164,43.779998779296875,127.19000244140625,1155.97998046875
2021-02-02,8.850000381469727,44.25,127.5,1190.8199462890625
2021-02-03,8.890000343322754,45.0,129.0,1212.4200439453125
2021-02-04,8.829999923706055,45.119998931884766,129.00999450683594,1196.8599853515625
2021-02-05,8.920000076293945,45.119998931884766,130.0,1220.300048828125
2021-02-08,8.979999542236328,45.02000045776367,130.00999450683594,1234.1300048828125
2021-02-09,8.90999984741211,44.869998931884766,129.97999572753906,1209.6099853515625
2021-02-10,8.550000190734863,45.099998474121094,130.10000610351562,1204.5899658203125
2021-02-11,8.699999809265137,45.81999969482422,129.89999389648438,1217.4100341796875
2021-02-12,8.539999961853027,45.900001525878906,130.5500030517578,1219.969970703125
2021-02-18,8.539999961853027,44.400001525878906,131.0,1191.0799560546875
2021-02-19,8.359999656677246,44.40999984741211,134.0,1211.6600341796875
2021-02-22,7.949999809265137,42.29999923706055,131.5,1151.77001953125
2021-02-23,8.130000114440918,42.5099983215332,132.83999633789062,1187.7099609375
2021-02-24,8.100000381469727,42.25,130.52999877929688,1196.4000244140625
2021-02-25,7.889999866485596,41.70000076293945,129.5,1142.6500244140625
2021-02-26,7.590000152587891,41.150001525878906,126.11000061035156,1108.8399658203125
2021-03-01,7.179999828338623,40.150001525878906,126.0,1120.77001953125
2021-03-02,7.300000190734863,39.63999938964844,124.58999633789062,1103.550048828125
2021-03-03,7.190000057220459,39.84000015258789,124.0999984741211,1087.68994140625
2021-03-04,7.460000038146973,40.29999923706055,122.69999694824219,1128.1300048828125
2021-03-05,7.679999828338623,40.2400016784668,122.98999786376953,1121.489990234375
2021-03-08,7.349999904632568,38.90999984741211,123.44999694824219,1068.2900390625
2021-03-09,7.079999923706055,38.439998626708984,126.29000091552734,1057.1199951171875
2021-03-10,7.369999885559082,39.279998779296875,125.55999755859375,1072.22998046875
2021-03-11,7.510000228881836,39.939998626708984,125.80999755859375,1134.6500244140625
2021-03-12,7.519999980926514,39.83000183105469,126.86000061035156,1129.0
2021-03-15,7.489999771118164,40.630001068115234,126.58999633789062,1127.6099853515625
2021-03-16,7.539999961853027,40.5,126.58000183105469,1141.510009765625
2021-03-17,7.849999904632568,42.33000183105469,122.97000122070312,1146.8900146484375
2021-03-18,7.75,41.900001525878906,124.5,1149.2099609375
2021-03-19,8.569999694824219,42.2400016784668,121.98999786376953,1179.27001953125
2021-03-22,8.199999809265137,41.630001068115234,122.6500015258789,1157.260009765625
2021-03-23,8.140000343322754,41.54999923706055,123.0,1158.02001953125
2021-03-24,8.149999618530273,40.310001373291016,122.0,1122.8499755859375
2021-03-25,8.319999694824219,40.9900016784668,124.0999984741211,1123.1099853515625
2021-03-26,8.449999809265137,41.220001220703125,127.0,1118.97998046875
2021-03-29,8.789999961853027,41.18000030517578,126.9800033569336,1106.949951171875
2021-03-30,9.020000457763672,41.560001373291016,126.5,1131.1600341796875
2021-03-31,9.069999694824219,41.83000183105469,128.58999633789062,1156.989990234375
2021-04-01,9.180000305175781,41.47999954223633,129.8699951171875,1135.06005859375
2021-04-05,9.869999885559082,41.91999816894531,130.33999633789062,1155.6300048828125
2021-04-06,9.899999618530273,41.869998931884766,130.6999969482422,1173.6300048828125
2021-04-07,9.729999542236328,41.29999923706055,130.67999267578125,1189.8299560546875
2021-04-08,9.779999732971191,41.56999969482422,130.9199981689453,1196.6700439453125
2021-04-09,9.850000381469727,41.5099983215332,131.16000366210938,1183.719970703125
2021-04-12,9.779999732971191,41.540000915527344,131.0,1190.75
2021-04-13,9.5,41.54999923706055,131.0500030517578,1184.8499755859375
2021-04-14,9.460000038146973,41.31999969482422,130.85000610351562,1196.989990234375
2021-04-15,9.300000190734863,41.52000045776367,130.27999877929688,1211.9599609375
2021-04-16,9.350000381469727,41.939998626708984,129.97999572753906,1222.1700439453125
2021-04-19,9.229999542236328,41.72999954223633,128.94000244140625,1230.31005859375
2021-04-20,9.4399995803833,41.79999923706055,128.83999633789062,1238.739990234375
2021-04-22,9.460000038146973,41.66999816894531,127.44000244140625,1240.9200439453125
2021-04-23,9.350000381469727,42.209999084472656,128.2100067138672,1262.5
2021-04-26,9.9399995803833,41.900001525878906,128.08999633789062,1276.3699951171875
2021-04-27,9.510000228881836,41.2400016784668,128.10000610351562,1275.0999755859375
2021-04-28,9.34000015258789,41.560001373291016,128.22999572753906,1290.949951171875
2021-04-29,9.90999984741211,41.54999923706055,128.27999877929688,1300.8399658203125
2021-04-30,9.600000381469727,40.66999816894531,128.58999633789062,1272.280029296875
2021-05-03,9.6899995803833,41.209999084472656,128.3300018310547,1270.989990234375
2021-05-04,9.579999923706055,40.290000915527344,126.80000305175781,1237.31005859375
2021-05-05,9.930000305175781,40.209999084472656,127.22000122070312,
2021-05-06,9.630000114440918,39.77000045776367,127.48999786376953,1303.8900146484375
2021-05-07,9.899999618530273,40.18000030517578,127.5,1334.1800537109375
2021-05-10,10.1899995803833,39.900001525878906,127.37000274658203,1321.989990234375
2021-05-11,10.25,40.150001525878906,127.45999908447266,
2021-05-12,10.109999656677246,38.58000183105469,127.06999969482422,1285.9599609375
2021-05-13,9.479999542236328,39.650001525878906,126.05000305175781,1276.0999755859375
2021-05-14,9.479999542236328,40.08000183105469,126.12999725341797,1280.4599609375
2021-05-17,9.75,39.9900016784668,126.0,1291.6800537109375
2021-05-18,9.619999885559082,39.93000030517578,126.29000091552734,1293.8499755859375
2021-05-19,9.729999542236328,40.189998626708984,124.02999877929688,1285.7099609375
2021-05-20,9.930000305175781,40.15999984741211,125.55000305175781,
2021-05-21,9.90999984741211,40.349998474121094,125.0,1280.9200439453125
2021-05-24,9.979999542236328,40.95000076293945,125.0,1305.449951171875
2021-05-25,9.600000381469727,40.79999923706055,125.5,
2021-05-26,9.699999809265137,40.540000915527344,125.62000274658203,1304.3199462890625
2021-05-27,9.890000343322754,40.54999923706055,124.5199966430664,1319.4200439453125
2021-05-28,9.989999771118164,39.97999954223633,127.0,1334.280029296875
2021-05-31,9.84000015258789,39.790000915527344,127.0999984741211,
2021-06-01,10.0,40.279998779296875,128.02999877929688,1379.300048828125
2021-06-02,10.100000381469727,40.439998626708984,128.0,1398.0799560546875
2021-06-04,10.039999961853027,40.72999954223633,124.69000244140625,1405.550048828125
2021-06-07,9.670000076293945,41.20000076293945,125.0,1408.3599853515625
2021-06-08,9.710000038146973,40.95000076293945,124.0,1396.1800537109375
2021-06-09,9.600000381469727,40.790000915527344,121.9000015258789,1393.739990234375
2021-06-10,9.399999618530273,41.689998626708984,121.9000015258789,1392.6099853515625
2021-06-11,9.350000381469727,41.0099983215332,121.75,1370.5400390625
2021-06-14,9.390000343322754,41.15999984741211,121.12999725341797,1394.0400390625
2021-06-15,9.3100004196167,41.540000915527344,120.69999694824219,1385.0400390625
2021-06-16,9.34000015258789,41.09000015258789,120.98999786376953,1391.4100341796875
2021-06-17,9.300000190734863,41.11000061035156,120.5,1380.1700439453125
2021-06-18,9.649999618530273,41.529998779296875,119.72000122070312,1386.0400390625
2021-06-21,9.680000305175781,41.0,118.80000305175781,1394.8499755859375
2021-06-22,9.520000457763672,40.58000183105469,118.25,1397.5899658203125
2021-06-23,9.6899995803833,40.290000915527344,119.80999755859375,1405.97998046875
2021-06-24,10.09000015258789,40.70000076293945,118.51000213623047,1427.5699462890625
2021-06-25,10.34000015258789,40.130001068115234,116.0,1405.1300048828125
2021-06-28,10.899999618530273,40.04999923706055,117.08000183105469,1405.550048828125
2021-06-29,10.9399995803833,39.58000183105469,118.0199966430664,1401.949951171875
2021-06-30,11.0,39.150001525878906,117.19999694824219,1380.47998046875
2021-07-01,10.600000381469727,39.11000061035156,117.80000305175781,1373.1300048828125
2021-07-02,10.75,39.43000030517578,118.0199966430664,1386.6099853515625
2021-07-05,10.34000015258789,39.18000030517578,117.75,
2021-07-06,9.630000114440918,39.150001525878906,117.69999694824219,1328.6500244140625
2021-07-07,9.739999771118164,39.31999969482422,118.19999694824219,1327.6099853515625
2021-07-08,9.460000038146973,39.18000030517578,119.7699966430664,1301.949951171875
2021-07-12,9.710000038146973,39.650001525878906,121.5,1344.0
2021-07-13,10.100000381469727,39.54999923706055,123.69999694824219,1357.2900390625
2021-07-14,9.8100004196167,39.689998626708984,124.69999694824219,1383.1700439453125
2021-07-15,9.670000076293945,40.0,126.48999786376953,1371.5999755859375
2021-07-16,9.479999542236328,39.68000030517578,126.5,1362.199951171875
2021-07-19,9.279999732971191,39.38999938964844,124.23999786376953,1315.0799560546875
2021-07-20,9.550000190734863,39.47999954223633,124.30000305175781,1320.9000244140625
2021-07-21,9.4399995803833,39.290000915527344,123.86000061035156,1327.739990234375
2021-07-22,9.460000038146973,39.68000030517578,124.19999694824219,1346.9000244140625
2021-07-23,9.489999771118164,39.0,124.26000213623047,1345.1700439453125
2021-07-26,9.380000114440918,38.900001525878906,123.58999633789062,1357.199951171875
2021-07-27,9.109999656677246,38.790000915527344,123.1500015258789,1340.5899658203125
2021-07-28,9.149999618530273,39.0,123.2300033569336,1346.9200439453125
2021-07-29,8.90999984741211,38.27000045776367,122.0,1376.8499755859375
2021-07-30,8.850000381469727,37.93000030517578,121.4000015258789,1319.3699951171875
2021-08-02,8.880000114440918,37.72999954223633,120.01000213623047,1334.1400146484375
2021-08-03,8.5600004196167,37.79999923706055,119.0199966430664,1307.3299560546875
2021-08-04,8.390000343322754,37.81999969482422,118.18000030517578,1310.1300048828125
2021-08-05,8.319999694824219,37.099998474121094,117.58000183105469,1317.1600341796875
2021-08-06,8.329999923706055,37.66999816894531,118.5,1305.25
2021-08-09,8.199999809265137,38.08000183105469,118.0999984741211,1298.510009765625
2021-08-10,8.149999618530273,37.54999923706055,118.25,1312.3299560546875
2021-08-11,8.460000038146973,37.15999984741211,115.83999633789062,1316.3699951171875
2021-08-12,8.229999542236328,37.150001525878906,115.70999908447266,1288.5799560546875
2021-08-13,8.6899995803833,37.959999084472656,116.12000274658203,1293.489990234375
2021-08-16,8.149999618530273,38.16999816894531,115.9000015258789,1273.0799560546875
2021-08-17,8.180000305175781,37.029998779296875,115.12999725341797,1239.4100341796875
2021-08-18,8.270000457763672,36.970001220703125,115.81999969482422,1221.8800048828125
2021-08-19,8.0600004196167,38.0,115.37000274658203,1211.0699462890625
2021-08-20,8.359999656677246,38.5,115.94999694824219,1228.800048828125
2021-08-23,8.460000038146973,38.310001373291016,116.04000091552734,1238.9000244140625
2021-08-24,8.869999885559082,38.900001525878906,115.4000015258789,1289.3900146484375
2021-08-25,8.890000343322754,38.63999938964844,115.61000061035156,1302.25
2021-08-26,8.75,37.970001220703125,115.58000183105469,1280.18994140625
2021-08-27,8.859999656677246,38.310001373291016,115.94999694824219,1313.7099609375
2021-08-30,8.90999984741211,37.939998626708984,116.38999938964844,1313.4200439453125
2021-08-31,9.079999923706055,37.54999923706055,116.56999969482422,1323.5400390625
2021-09-01,9.079999923706055,38.68000030517578,116.12999725341797,1318.199951171875
2021-09-02,9.180000305175781,39.08000183105469,116.38999938964844,1296.4200439453125
2021-09-03,8.850000381469727,39.29999923706055,116.38999938964844,1280.72998046875
2021-09-06,9.029999732971191,39.5,116.41999816894531,
2021-09-08,8.260000228881836,38.27000045776367,116.19999694824219,1219.52001953125
2021-09-09,8.609999656677246,39.189998626708984,115.19999694824219,1250.800048828125
2021-09-10,8.59000015258789,38.65999984741211,115.94999694824219,1252.1700439453125
2021-09-13,8.729999542236328,39.099998474121094,115.94999694824219,1275.4100341796875
2021-09-14,8.460000038146973,39.279998779296875,115.41999816894531,1270.3800048828125
2021-09-15,8.390000343322754,38.86000061035156,115.69999694824219,1259.9100341796875
2021-09-16,8.210000038146973,38.900001525878906,115.95999908447266,1247.719970703125
2021-09-17,8.100000381469727,38.81999969482422,115.98999786376953,1208.8499755859375
